module,skill,display-name,menu-code,description,action,args,phase,preceded-by,followed-by,required,output-location,outputs
LiquidLogicLabs PM,_meta,,,,,,,,,false,https://github.com/ravensorb/bmad-extensions/blob/main/docs/l3io-pm-reference.md,
LiquidLogicLabs PM,l3io-setup,Setup,SPM,"Record l3io-pm's project-level settings in the two human-authored BMad config layers and register its capabilities for the help system. Runs only on an explicit setup/configure/install request — never implicitly.",configure,,anytime,,l3io-plan:plan,false,_bmad/custom,"config.toml and config.user.toml entries under [modules.l3io-pm]"
LiquidLogicLabs PM,l3io-plan,Plan,LPP,"Validate readiness, elaborate stories, compute estimates, build dependency graph, and produce an executable phased parallel execution plan.",plan,,planning,l3io-help:status,l3io-execute,true,planning_artifacts,"plan-{date}-v{n}.yaml, plan-output-meta.yaml, elaboration-summary.md, readiness-report.md"
LiquidLogicLabs PM,l3io-plan,Estimate,LPM,"Re-estimate all unstarted work using current calibration data. Optionally scope to a specific epic or sprint.",estimate,[E{nnn}|E{nnn}-S{nn}],anytime,,l3io-execute,false,{implementation_artifacts}/state,"estimate blocks written into epic.yaml, sprint.yaml and the story node files; summary table printed to console"
LiquidLogicLabs PM,l3io-execute,Execute,LPE,"Run the l3io-pm plan — full run or scoped to a single epic or sprint. Dispatches sprint subagents with context injection and writes actuals to state.",,[E{nnn}|E{nnn}-S{nn}],execution,l3io-plan:plan,l3io-sync:sync,false,implementation_artifacts,"epic-{nnn}/sprint-{nn}/stories/, epic-{nnn}/sprint-{nn}/closure/, epic-{nnn}/epic-closure/"
LiquidLogicLabs PM,l3io-help,Help,LPH,"Show project health snapshot and recommend the exact next l3io-pm action based on current state.",status,,anytime,,l3io-plan:plan,false,,health summary printed to console
LiquidLogicLabs PM,l3io-help,Progress,LPR,"Show the plan-aware progress tree — phase, epic, sprint and story with stuck-item flags — by forwarding to /l3io-doctor stats, which is the one implementation of that view.",progress,[active|queued|everything],anytime,,l3io-doctor:stats,false,,progress tree printed to console
LiquidLogicLabs PM,l3io-help,List Plan,LPI,"List every plan snapshot in planning_artifacts with its readiness, version and epic set, flagging the ones not yet executed.",list plan,,anytime,,l3io-execute,false,,plan inventory printed to console
LiquidLogicLabs PM,l3io-help,Catalog,LPC,"List every installed l3io skill and its most-used verbs — probes _bmad/_config/manifest.yaml and prints a compact per-skill menu across every installed l3io module, so users can pick a command without remembering which module a skill lives in. Discovery, not recommendation.",catalog,,anytime,,,false,,catalog table printed to console
LiquidLogicLabs PM,l3io-sync,Sync Setup,LPS,"Detect the GitHub sync platform from the git remote, verify auth, verify/create sync-state.yaml.",setup,,anytime,,,false,_bmad,"sync-config.yaml (optional), sync-state.yaml"
LiquidLogicLabs PM,l3io-sync,Sync Push,LPU,"Push l3io-pm state as work items to the configured external platform.",push,,anytime,l3io-sync:setup,,false,,sync report
LiquidLogicLabs PM,l3io-sync,Sync Pull,LPL,"Pull status updates from external work items back into l3io-pm state.",pull,,anytime,l3io-sync:setup,,false,,sync report
LiquidLogicLabs PM,l3io-sync,Sync,LPC,"Bidirectional sync — push local changes then pull remote updates.",sync,,anytime,l3io-sync:setup,,false,,sync report
LiquidLogicLabs PM,l3io-sync,Sync Status,LPT,"Show sync state, ID mapping, and local drift since last sync.",status,,anytime,l3io-sync:setup,,false,,drift report printed to console
